time_utc_iso,twl_ft_mllw,tide_ft_mllw,surge_ft,src_time
2026-03-12T06:00:00.000Z,4.949,3.816,0.6,202603120600
2026-03-12T07:00:00.000Z,5.277,3.921,0.6,202603120700
2026-03-12T08:00:00.000Z,4.988,3.645,0.6,202603120800
2026-03-12T09:00:00.000Z,4.227,3.036,0.6,202603120900
2026-03-12T10:00:00.000Z,3.48,2.347,0.6,202603121000
2026-03-12T11:00:00.000Z,2.86,1.781,0.6,202603121100
2026-03-12T12:00:00.000Z,2.41,1.339,0.5,202603121200
2026-03-12T13:00:00.000Z,2,1.017,0.4,202603121300
2026-03-12T14:00:00.000Z,1.918,0.966,0.4,202603121400
2026-03-12T15:00:00.000Z,2.24,1.302,0.3,202603121500
2026-03-12T16:00:00.000Z,2.528,1.894,0.2,202603121600
2026-03-12T17:00:00.000Z,2.82,2.491,0,202603121700
2026-03-12T18:00:00.000Z,3.158,2.953,0.1,202603121800
2026-03-12T19:00:00.000Z,3.519,3.216,0,202603121900
2026-03-12T20:00:00.000Z,3.827,3.177,0.1,202603122000
2026-03-12T21:00:00.000Z,3.729,2.798,0.1,202603122100
2026-03-12T22:00:00.000Z,3.188,2.251,0.2,202603122200
2026-03-12T23:00:00.000Z,2.42,1.77,0.2,202603122300
2026-03-13T00:00:00.000Z,1.679,1.424,0.2,202603130000
2026-03-13T01:00:00.000Z,1.318,1.181,0.2,202603130100
2026-03-13T02:00:00.000Z,1.479,1.138,0.1,202603130200
2026-03-13T03:00:00.000Z,1.99,1.462,0,202603130300
2026-03-13T04:00:00.000Z,2.578,2.12,0,202603130400
2026-03-13T05:00:00.000Z,3.017,2.856,0,202603130500
2026-03-13T06:00:00.000Z,3.23,3.452,0.1,202603130600
2026-03-13T07:00:00.000Z,3.329,3.832,0.1,202603130700
2026-03-13T08:00:00.000Z,3.348,3.93,0,202603130800
2026-03-13T09:00:00.000Z,3.04,3.666,0,202603130900
2026-03-13T10:00:00.000Z,2.889,3.099,0,202603131000
2026-03-13T11:00:00.000Z,2.519,2.441,0,202603131100
2026-03-13T12:00:00.000Z,1.84,1.836,-0.1,202603131200
2026-03-13T13:00:00.000Z,1.229,1.289,0,202603131300
2026-03-13T14:00:00.000Z,0.669,0.874,0,202603131400
2026-03-13T15:00:00.000Z,0.78,0.806,0,202603131500
2026-03-13T16:00:00.000Z,1.161,1.196,0,202603131600
2026-03-13T17:00:00.000Z,2.01,1.863,0,202603131700
2026-03-13T18:00:00.000Z,2.61,2.52,-0.4,202603131800
2026-03-13T19:00:00.000Z,3.339,3.018,-0.3,202603131900
2026-03-13T20:00:00.000Z,3.817,3.304,-0.2,202603132000
2026-03-13T21:00:00.000Z,4.099,3.288,-0.2,202603132100
2026-03-13T22:00:00.000Z,3.87,2.935,-0.1,202603132200
2026-03-13T23:00:00.000Z,3.299,2.396,-0.1,202603132300
2026-03-14T00:00:00.000Z,2.748,1.865,-0.1,202603140000
2026-03-14T01:00:00.000Z,2.158,1.404,-0.1,202603140100
2026-03-14T02:00:00.000Z,1.758,1.044,0,202603140200
2026-03-14T03:00:00.000Z,1.718,0.958,0,202603140300
2026-03-14T04:00:00.000Z,2.4,1.331,-0.1,202603140400
2026-03-14T05:00:00.000Z,3.358,2.078,-0.1,202603140500
2026-03-14T06:00:00.000Z,4.129,2.889,0,202603140600
2026-03-14T07:00:00.000Z,4.667,3.533,0,202603140700
2026-03-14T08:00:00.000Z,4.69,3.95,-0.1,202603140800
2026-03-14T09:00:00.000Z,4.447,4.076,-0.1,202603140900
2026-03-14T10:00:00.000Z,4.119,3.815,-0.1,202603141000
2026-03-14T11:00:00.000Z,3.729,3.217,0,202603141100
2026-03-14T12:00:00.000Z,3.309,2.477,0.2,202603141200
2026-03-14T13:00:00.000Z,2.528,1.742,0.1,202603141300
2026-03-14T14:00:00.000Z,1.61,1.061,0,202603141400
2026-03-14T15:00:00.000Z,0.839,0.59,0,202603141500
2026-03-14T16:00:00.000Z,0.39,0.585,0,202603141600
2026-03-14T17:00:00.000Z,0.518,1.108,-0.1,202603141700
2026-03-14T18:00:00.000Z,1.279,1.899,-0.1,202603141800
2026-03-14T19:00:00.000Z,2.099,2.642,-0.1,202603141900
2026-03-14T20:00:00.000Z,2.919,3.208,-0.2,202603142000
2026-03-14T21:00:00.000Z,3.388,3.546,-0.3,202603142100
2026-03-14T22:00:00.000Z,3.348,3.538,-0.3,202603142200
2026-03-14T23:00:00.000Z,2.997,3.135,-0.3,202603142300
2026-03-15T00:00:00.000Z,2.43,2.495,-0.2,202603150000
2026-03-15T01:00:00.000Z,1.899,1.825,-0.1,202603150100
2026-03-15T02:00:00.000Z,1.4,1.214,-0.2,202603150200
2026-03-15T03:00:00.000Z,0.888,0.761,-0.2,202603150300
2026-03-15T04:00:00.000Z,0.78,0.701,-0.3,202603150400
2026-03-15T05:00:00.000Z,1.338,1.196,-0.4,202603150500
2026-03-15T06:00:00.000Z,2.24,2.077,-0.4,202603150600
2026-03-15T07:00:00.000Z,3.26,2.986,-0.4,202603150700
2026-03-15T08:00:00.000Z,3.958,3.711,-0.4,202603150800
2026-03-15T09:00:00.000Z,4.418,4.195,-0.3,202603150900
2026-03-15T10:00:00.000Z,4.559,4.333,-0.3,202603151000
2026-03-15T11:00:00.000Z,4.218,4,-0.3,202603151100
2026-03-15T12:00:00.000Z,3.47,3.266,-0.2,202603151200
2026-03-15T13:00:00.000Z,2.587,2.365,-0.1,202603151300
2026-03-15T14:00:00.000Z,1.781,1.472,-0.1,202603151400
2026-03-15T15:00:00.000Z,1.02,0.691,0,202603151500
2026-03-15T16:00:00.000Z,0.619,0.245,0,202603151600
2026-03-15T17:00:00.000Z,0.629,0.389,0,202603151700
2026-03-15T18:00:00.000Z,1.18,1.1,0,202603151800
2026-03-15T19:00:00.000Z,2.289,2.042,0,202603151900
2026-03-15T20:00:00.000Z,3.309,2.901,0.1,202603152000
2026-03-15T21:00:00.000Z,4.139,3.561,0.1,202603152100
2026-03-15T22:00:00.000Z,4.539,3.929,0.2,202603152200
2026-03-15T23:00:00.000Z,4.398,3.845,0.2,202603152300
2026-03-16T00:00:00.000Z,3.89,3.287,0.3,202603160000
2026-03-16T01:00:00.000Z,3.197,2.468,0.4,202603160100
2026-03-16T02:00:00.000Z,2.538,1.625,0.4,202603160200
2026-03-16T03:00:00.000Z,1.99,0.883,0.5,202603160300
2026-03-16T04:00:00.000Z,1.548,0.402,0.6,202603160400
2026-03-16T05:00:00.000Z,1.738,0.443,0.8,202603160500
2026-03-16T06:00:00.000Z,2.269,1.106,0.8,202603160600
2026-03-16T07:00:00.000Z,3.23,2.141,0.9,202603160700
2026-03-16T08:00:00.000Z,4.247,3.174,1,202603160800
2026-03-16T09:00:00.000Z,5.198,4.005,1.1,202603160900
2026-03-16T10:00:00.000Z,5.759,4.535,1.1,202603161000
2026-03-16T11:00:00.000Z,5.808,4.602,1.2,202603161100
2026-03-16T12:00:00.000Z,5.179,4.095,0.8,202603161200
2026-03-16T13:00:00.000Z,4.329,3.158,0.8,202603161300
2026-03-16T14:00:00.000Z,3.388,2.079,0.9,202603161400
2026-03-16T15:00:00.000Z,2.578,1.06,0.9,202603161500
2026-03-16T16:00:00.000Z,1.82,0.256,1,202603161600
2026-03-16T17:00:00.000Z,1.229,-0.071,0.9,202603161700
2026-03-16T18:00:00.000Z,1.43,0.287,0.8,202603161800
2026-03-16T19:00:00.000Z,2.4,1.217,0.7,202603161900
2026-03-16T20:00:00.000Z,3.548,2.336,0.7,202603162000
2026-03-16T21:00:00.000Z,9.416,3.332,0.7,202603162100
2026-03-16T22:00:00.000Z,5.398,4.058,0.7,202603162200
2026-03-16T23:00:00.000Z,5.969,4.366,0.8,202603162300
2026-03-17T00:00:00.000Z,5.549,4.099,0.8,202603170000
2026-03-17T01:00:00.000Z,4.759,3.314,0.8,202603170100
2026-03-17T02:00:00.000Z,3.637,2.292,0.8,202603170200
2026-03-17T03:00:00.000Z,2.148,1.297,0.8,202603170300
2026-03-17T04:00:00.000Z,1.659,0.479,0.9,202603170400
2026-03-17T05:00:00.000Z,2.118,0.041,1,202603170500
2026-03-17T06:00:00.000Z,1.908,0.234,0,202603170600
2026-03-17T07:00:00.000Z,1.928,1.089,-0.3,202603170700
2026-03-17T08:00:00.000Z,1.82,2.297,-0.7,202603170800
2026-03-17T09:00:00.000Z,1.679,3.469,-0.7,202603170900
2026-03-17T10:00:00.000Z,2.889,4.378,-0.6,202603171000
2026-03-17T11:00:00.000Z,4.408,4.868,-0.5,202603171100
2026-03-17T12:00:00.000Z,4.234,4.762,-0.6,202603171200
2026-03-17T13:00:00.000Z,3.322,4.019,-0.8,202603171300
2026-03-17T14:00:00.000Z,2.008,2.873,-1,202603171400
2026-03-17T15:00:00.000Z,0.921,1.654,-0.9,202603171500
2026-03-17T16:00:00.000Z,-0.018,0.583,-0.8,202603171600
2026-03-17T17:00:00.000Z,-0.622,-0.152,-0.7,202603171700
2026-03-17T18:00:00.000Z,-0.729,-0.291,-0.7,202603171800
2026-03-17T19:00:00.000Z,-0.182,0.324,-0.8,202603171900
2026-03-17T20:00:00.000Z,0.926,1.5,-0.9,202603172000
2026-03-17T21:00:00.000Z,2.266,2.809,-0.9,202603172100
2026-03-17T22:00:00.000Z,3.395,3.906,-0.9,202603172200
2026-03-17T23:00:00.000Z,4.126,4.605,-0.9,202603172300
2026-03-18T00:00:00.000Z,4.262,4.741,-0.9,202603180000
2026-03-18T01:00:00.000Z,3.742,4.221,-0.9,202603180100
2026-03-18T02:00:00.000Z,2.716,3.195,-0.9,202603180200
2026-03-18T03:00:00.000Z,1.519,1.998,-0.9,202603180300
2026-03-18T04:00:00.000Z,0.425,0.904,-0.9,202603180400
2026-03-18T05:00:00.000Z,-0.302,0.077,-0.8,202603180500
2026-03-18T06:00:00.000Z,-0.543,-0.264,-0.7,202603180600
2026-03-18T07:00:00.000Z,-0.168,0.111,-0.7,202603180700
2026-03-18T08:00:00.000Z,0.998,1.177,-0.6,202603180800
2026-03-18T09:00:00.000Z,2.484,2.563,-0.5,202603180900
2026-03-18T10:00:00.000Z,3.858,3.837,-0.4,202603181000
2026-03-18T11:00:00.000Z,4.853,4.732,-0.3,202603181100
2026-03-18T12:00:00.000Z,5.197,5.076,-0.3,202603181200
2026-03-18T13:00:00.000Z,4.757,4.736,-0.4,202603181300
2026-03-18T14:00:00.000Z,3.779,3.758,-0.4,202603181400
2026-03-18T15:00:00.000Z,2.471,2.45,-0.4,202603181500
2026-03-18T16:00:00.000Z,1.288,1.167,-0.3,202603181600
2026-03-18T17:00:00.000Z,0.349,0.128,-0.2,202603181700
2026-03-18T18:00:00.000Z,-0.148,-0.469,-0.1,202603181800
2026-03-18T19:00:00.000Z,0.055,-0.366,0,202603181900
2026-03-18T20:00:00.000Z,0.96,0.539,0,202603182000
2026-03-18T21:00:00.000Z,2.389,1.968,0,202603182100
2026-03-18T22:00:00.000Z,3.841,3.42,0,202603182200
2026-03-18T23:00:00.000Z,4.938,4.517,0,202603182300
2026-03-19T00:00:00.000Z,5.495,5.074,0,202603190000
2026-03-19T01:00:00.000Z,5.49,4.969,0.1,202603190100
2026-03-19T02:00:00.000Z,4.709,4.188,0.1,202603190200
2026-03-19T03:00:00.000Z,3.481,2.96,0.1,202603190300
2026-03-19T04:00:00.000Z,2.172,1.651,0.1,202603190400
2026-03-19T05:00:00.000Z,1.144,0.523,0.2,202603190500
2026-03-19T06:00:00.000Z,0.358,-0.263,0.2,202603190600
2026-03-19T07:00:00.000Z,0.147,-0.474,0.2,202603190700
2026-03-19T08:00:00.000Z,0.734,0.113,0.2,202603190800
2026-03-19T09:00:00.000Z,2.015,1.394,0.2,202603190900
2026-03-19T10:00:00.000Z,3.63,2.909,0.3,202603191000
2026-03-19T11:00:00.000Z,4.904,4.183,0.3,202603191100
2026-03-19T12:00:00.000Z,5.677,4.956,0.3,202603191200
2026-03-19T13:00:00.000Z,5.815,5.094,0.3,202603191300
2026-03-19T14:00:00.000Z,5.241,4.52,0.3,202603191400
2026-03-19T15:00:00.000Z,4.081,3.36,0.3,202603191500
2026-03-19T16:00:00.000Z,2.693,1.972,0.3,202603191600
2026-03-19T17:00:00.000Z,1.425,0.704,0.3,202603191700
2026-03-19T18:00:00.000Z,0.584,-0.237,0.4,202603191800
2026-03-19T19:00:00.000Z,0.175,-0.646,0.4,202603191900
2026-03-19T20:00:00.000Z,0.56,-0.261,0.4,202603192000
2026-03-19T21:00:00.000Z,1.864,0.943,0.5,202603192100
2026-03-19T22:00:00.000Z,3.49,2.569,0.5,202603192200
2026-03-19T23:00:00.000Z,4.97,4.049,0.5,202603192300
2026-03-20T00:00:00.000Z,5.949,5.028,0.5,202603200000
2026-03-20T01:00:00.000Z,6.296,5.375,0.5,202603200100
2026-03-20T02:00:00.000Z,5.946,5.025,0.5,202603200200
2026-03-20T03:00:00.000Z,4.949,4.028,0.5,202603200300
2026-03-20T04:00:00.000Z,3.592,2.671,0.5,202603200400
2026-03-20T05:00:00.000Z,2.241,1.32,0.5,202603200500
2026-03-20T06:00:00.000Z,1.128,0.207,0.5,202603200600
2026-03-20T07:00:00.000Z,0.421,-0.5,0.5,202603200700
2026-03-20T08:00:00.000Z,0.382,-0.539,0.5,202603200800
2026-03-20T09:00:00.000Z,1.193,0.272,0.5,202603200900
2026-03-20T10:00:00.000Z,2.637,1.716,0.5,202603201000
2026-03-20T11:00:00.000Z,4.166,3.245,0.5,202603201100
2026-03-20T12:00:00.000Z,5.324,4.403,0.5,202603201200
2026-03-20T13:00:00.000Z,5.915,4.994,0.5,202603201300
2026-03-20T14:00:00.000Z,5.849,4.928,0.5,202603201400
2026-03-20T15:00:00.000Z,5.094,4.173,0.5,202603201500
2026-03-20T16:00:00.000Z,3.833,2.912,0.5,202603201600
2026-03-20T17:00:00.000Z,2.443,1.522,0.5,202603201700
2026-03-20T18:00:00.000Z,1.349,0.328,0.6,202603201800
2026-03-20T19:00:00.000Z,0.549,-0.472,0.6,202603201900
2026-03-20T20:00:00.000Z,0.374,-0.647,0.6,202603202000
2026-03-20T21:00:00.000Z,1.057,0.036,0.6,202603202100
2026-03-20T22:00:00.000Z,2.504,1.483,0.6,202603202200
2026-03-20T23:00:00.000Z,4.297,3.176,0.7,202603202300
2026-03-21T00:00:00.000Z,5.674,4.553,0.7,202603210000
2026-03-21T01:00:00.000Z,6.464,5.343,0.7,202603210100
2026-03-21T02:00:00.000Z,6.5,5.479,0.6,202603210200
2026-03-21T03:00:00.000Z,5.954,4.933,0.6,202603210300
2026-03-21T04:00:00.000Z,4.82,3.799,0.6,202603210400
2026-03-21T05:00:00.000Z,3.412,2.391,0.6,202603210500
2026-03-21T06:00:00.000Z,2.074,1.053,0.6,202603210600
2026-03-21T07:00:00.000Z,1.018,-0.003,0.6,202603210700
2026-03-21T08:00:00.000Z,0.435,-0.586,0.6,202603210800
2026-03-21T09:00:00.000Z,0.595,-0.426,0.6,202603210900
2026-03-21T10:00:00.000Z,1.586,0.565,0.6,202603211000
2026-03-21T11:00:00.000Z,3.072,2.051,0.6,202603211100
2026-03-21T12:00:00.000Z,4.49,3.469,0.6,202603211200
